compound_name,egfr_variant,assay_type,cell_line,standard_relation,standard_value,standard_units,source_id,table_origin,standard_type,
compound_name,egfr_variant,assay_type,cell_line,standard_type,standard_relation,standard_value,standard_units,source_id,table_origin,essay_detail
BI-4732,WT,cellular,Ba/F3,IC50,=,356.0,nM,paper_damghani_2026,Table 1,
BI-8128,WT,cellular,Ba/F3,IC50,=,318.0,nM,paper_damghani_2026,Table 1,
BI-4732,del19,cellular,Ba/F3,IC50,=,1.1,nM,paper_damghani_2026,Table 1,
BI-8128,del19,cellular,Ba/F3,IC50,=,1.7,nM,paper_damghani_2026,Table 1,
BI-4732,del19/T790M/C797S,cellular,Ba/F3,IC50,=,2.6,nM,paper_damghani_2026,Table 1,
BI-8128,del19/T790M/C797S,cellular,Ba/F3,IC50,=,3.3,nM,paper_damghani_2026,Table 1,
BI-4732,L858R,cellular,Ba/F3,IC50,=,4.6,nM,paper_damghani_2026,Table 1,
BI-8128,L858R,cellular,Ba/F3,IC50,=,9.6,nM,paper_damghani_2026,Table 1,
BI-4732,L858R/T790M/C797S,cellular,Ba/F3,IC50,=,7.8,nM,paper_damghani_2026,Table 1,
BI-8128,L858R/T790M/C797S,cellular,Ba/F3,IC50,=,16.0,nM,paper_damghani_2026,Table 1,
BI-4732,WT,cellular,A431,IC50,=,730.0,nM,paper_damghani_2026,Table 1,
BI-8128,WT,cellular,A431,IC50,=,492.0,nM,paper_damghani_2026,Table 1,
BI-4732,del19,cellular,PC-9,IC50,=,9.0,nM,paper_damghani_2026,Table 1,
BI-8128,del19,cellular,PC-9,IC50,=,16.0,nM,paper_damghani_2026,Table 1,
BI-4732,del19/T790M/C797S,cellular,PC-9,IC50,=,12.0,nM,paper_damghani_2026,Table 1,
BI-8128,del19/T790M/C797S,cellular,PC-9,IC50,=,33.0,nM,paper_damghani_2026,Table 1,
BI-8128,WT,biochemical,,IC50,=,12.0,nM,paper_damghani_2026,Table 2,
BI-4732,WT,biochemical,,IC50,=,2.7,nM,paper_damghani_2026,Table 2,
BI-8128,T790M,biochemical,,IC50,=,6.7,nM,paper_damghani_2026,Table 2,
BI-4732,T790M,biochemical,,IC50,=,4.2,nM,paper_damghani_2026,Table 2,
BI-8128,C797S,biochemical,,IC50,=,22.0,nM,paper_damghani_2026,Table 2,
BI-4732,C797S,biochemical,,IC50,=,5.4,nM,paper_damghani_2026,Table 2,
BI-8128,T790M/C797S,biochemical,,IC50,=,10.0,nM,paper_damghani_2026,Table 2,
BI-4732,T790M/C797S,biochemical,,IC50,=,4.9,nM,paper_damghani_2026,Table 2,
BI-8128,L858R/T790M/C797S,biochemical,,IC50,=,3.0,nM,paper_damghani_2026,Table 2,
BI-4732,L858R/T790M/C797S,biochemical,,IC50,=,2.3,nM,paper_damghani_2026,Table 2,
10m,L858R/T790M,cellular,H1975,IC50,=,3857.0,nM,paper_men_2025,Table 1,
10m,L858R/T790M,biochemical,,IC50,=,79.0,nM,paper_men_2025,Table 1,
10a,L858R/T790M,cellular,H1975,IC50,=,1619.0,nM,paper_men_2025,Table 1,
10a,L858R/T790M,biochemical,,IC50,=,46.0,nM,paper_men_2025,Table 1,
10n,L858R/T790M,cellular,H1975,IC50,=,2950.0,nM,paper_men_2025,Table 1,
10n,L858R/T790M,biochemical,,IC50,=,163.0,nM,paper_men_2025,Table 1,
10b,L858R/T790M,cellular,H1975,IC50,=,3936.0,nM,paper_men_2025,Table 1,
10b,L858R/T790M,biochemical,,IC50,=,70.0,nM,paper_men_2025,Table 1,
10o,L858R/T790M,cellular,H1975,IC50,=,4895.0,nM,paper_men_2025,Table 1,
10o,L858R/T790M,biochemical,,IC50,=,37.0,nM,paper_men_2025,Table 1,
10c,L858R/T790M,cellular,H1975,IC50,=,2361.0,nM,paper_men_2025,Table 1,
10d,L858R/T790M,cellular,H1975,IC50,>,10000.0,nM,paper_men_2025,Table 1,
10e,L858R/T790M,cellular,H1975,IC50,=,2589.0,nM,paper_men_2025,Table 1,
10e,L858R/T790M,biochemical,,IC50,=,123.0,nM,paper_men_2025,Table 1,
10f,L858R/T790M,cellular,H1975,IC50,=,2163.0,nM,paper_men_2025,Table 1,
10f,L858R/T790M,biochemical,,IC50,=,101.0,nM,paper_men_2025,Table 1,
10g,L858R/T790M,cellular,H1975,IC50,=,4456.0,nM,paper_men_2025,Table 1,
10g,L858R/T790M,biochemical,,IC50,=,48.0,nM,paper_men_2025,Table 1,
10i,L858R/T790M,cellular,H1975,IC50,=,2024.0,nM,paper_men_2025,Table 1,
10j,L858R/T790M,cellular,H1975,IC50,=,5063.0,nM,paper_men_2025,Table 1,
10j,L858R/T790M,biochemical,,IC50,=,64.0,nM,paper_men_2025,Table 1,
10k,L858R/T790M,cellular,H1975,IC50,=,3472.0,nM,paper_men_2025,Table 1,
10k,L858R/T790M,biochemical,,IC50,=,117.0,nM,paper_men_2025,Table 1,
10l,L858R/T790M,cellular,H1975,IC50,>,10000.0,nM,paper_men_2025,Table 1,
Osimertinib,L858R/T790M,cellular,H1975,IC50,=,2739.0,nM,paper_men_2025,Table 1,
Osimertinib,L858R/T790M,biochemical,,IC50,=,5.0,nM,paper_men_2025,Table 1,
10a,del19,cellular,PC-9,IC50,=,4628.0,nM,paper_men_2025,Table 2,
10a,WT,cellular,A549,IC50,=,9892.0,nM,paper_men_2025,Table 2,
10a,T790M,biochemical,,IC50,=,13.2,nM,paper_men_2025,Table 2,
10a,WT,biochemical,,IC50,=,12.7,nM,paper_men_2025,Table 2,
10b,del19,cellular,PC-9,IC50,=,4954.0,nM,paper_men_2025,Table 2,
10b,WT,cellular,A549,IC50,=,7460.0,nM,paper_men_2025,Table 2,
10g,WT,biochemical,,IC50,=,266.0,nM,paper_men_2025,Table 2,
10j,del19,cellular,PC-9,IC50,=,5973.0,nM,paper_men_2025,Table 2,
10j,WT,cellular,A549,IC50,=,12211.0,nM,paper_men_2025,Table 2,
10j,T790M,biochemical,,IC50,=,28.7,nM,paper_men_2025,Table 2,
10j,WT,biochemical,,IC50,=,16.4,nM,paper_men_2025,Table 2,
10k,del19,cellular,PC-9,IC50,=,4057.0,nM,paper_men_2025,Table 2,
10k,WT,cellular,A549,IC50,=,6310.0,nM,paper_men_2025,Table 2,
10o,WT,biochemical,,IC50,=,227.0,nM,paper_men_2025,Table 2,
Osimertinib,del19,cellular,PC-9,IC50,=,1959.0,nM,paper_men_2025,Table 2,
Osimertinib,T790M,biochemical,,IC50,=,2.5,nM,paper_men_2025,Table 2,
Osimertinib,WT,biochemical,,IC50,=,1.4,nM,paper_men_2025,Table 2,
10g,del19,cellular,PC-9,IC50,=,1000.0,nM,paper_men_2025,Table 2,
10g,WT,cellular,A549,IC50,=,4456.0,nM,paper_men_2025,Table 2,
10g,T790M,biochemical,,IC50,=,48.0,nM,paper_men_2025,Table 2,
9e,L858R/T790M,cellular,H1975,IC50,=,4093.0,nM,supp_men_2025,Table S1,
9m,L858R/T790M,cellular,H1975,IC50,=,4064.0,nM,supp_men_2025,Table S1,
10a,WT,biochemical,,IC50,=,12.74,nM,supp_men_2025,Table S2,
10e,WT,biochemical,,IC50,=,750.0,nM,supp_men_2025,Table S2,
10f,WT,biochemical,,IC50,=,2128.0,nM,supp_men_2025,Table S2,
10g,WT,biochemical,,IC50,=,266.0,nM,supp_men_2025,Table S2,
10j,WT,biochemical,,IC50,=,16.4,nM,supp_men_2025,Table S2,
10m,WT,biochemical,,IC50,=,620.0,nM,supp_men_2025,Table S2,
10n,WT,biochemical,,IC50,=,1219.0,nM,supp_men_2025,Table S2,
10o,WT,biochemical,,IC50,=,227.0,nM,supp_men_2025,Table S2,
9e,WT,biochemical,,IC50,=,25599.0,nM,supp_men_2025,Table S2,
9m,WT,biochemical,,IC50,=,23230.0,nM,supp_men_2025,Table S2,
Osimertinib,WT,biochemical,,IC50,=,1.4,nM,supp_men_2025,Table S2,
BBT-176,EGFR WT,EGFR kinase assay,,IC50,=,21.18,nmol/L,paper_lim_2023,Figure 2C,1 mmol/L ATP
Osimertinib,EGFR WT,EGFR kinase assay,,IC50,=,12.47,nmol/L,paper_lim_2023,Figure 2C,1 mmol/L ATP
BBT-176,EGFR 19Del/C797S,EGFR kinase assay,,IC50,=,4.36,nmol/L,paper_lim_2023,Figure 2C,1 mmol/L ATP
Osimertinib,EGFR 19Del/C797S,EGFR kinase assay,,IC50,=,304.39,nmol/L,paper_lim_2023,Figure 2C,1 mmol/L ATP
BBT-176,EGFR 19Del/T790M/C797S,EGFR kinase assay,,IC50,=,1.79,nmol/L,paper_lim_2023,Figure 2C,1 mmol/L ATP
Osimertinib,EGFR 19Del/T790M/C797S,EGFR kinase assay,,IC50,=,124.82,nmol/L,paper_lim_2023,Figure 2C,1 mmol/L ATP
BBT-176,EGFR L858R/C797S,EGFR kinase assay,,IC50,=,5.35,nmol/L,paper_lim_2023,Figure 2C,1 mmol/L ATP
Osimertinib,EGFR L858R/C797S,EGFR kinase assay,,IC50,=,573.72,nmol/L,paper_lim_2023,Figure 2C,1 mmol/L ATP
BBT-176,EGFR WT,EGFR kinase assay,,IC50,>,1000.0,nmol/L,paper_lim_2023,Figure 2F,1 mmol/L ATP
Osimertinib,EGFR WT,EGFR kinase assay,,IC50,=,1505.25,nmol/L,paper_lim_2023,Figure 2F,1 mmol/L ATP
BBT-176,EGFR 19Del/C797S,EGFR kinase assay,,IC50,=,39.47,nmol/L,paper_lim_2023,Figure 2F,1 mmol/L ATP
Osimertinib,EGFR 19Del/C797S,EGFR kinase assay,,IC50,=,3876.24,nmol/L,paper_lim_2023,Figure 2F,1 mmol/L ATP
BBT-176,EGFR 19Del/T790M/C797S,EGFR kinase assay,,IC50,=,39.98,nmol/L,paper_lim_2023,Figure 2F,1 mmol/L ATP
Osimertinib,EGFR 19Del/T790M/C797S,EGFR kinase assay,,IC50,=,7125.24,nmol/L,paper_lim_2023,Figure 2F,1 mmol/L ATP
BBT-176,EGFR L858R/C797S,EGFR kinase assay,,IC50,=,102.69,nmol/L,paper_lim_2023,Figure 2F,1 mmol/L ATP
Osimertinib,EGFR L858R/C797S,EGFR kinase assay,,IC50,=,10000.0,nmol/L,paper_lim_2023,Figure 2F,1 mmol/L ATP
BBT-176,EGFR L858R/T790M/C797S,EGFR kinase assay,,IC50,=,162.77,nmol/L,paper_lim_2023,Figure 2F,1 mmol/L ATP
Erlotinib,Parental Ba/F3 + IL3 (5 ng/mL),Cell growth inhibition assay (Ba/F3),,IC50,>,10000.0,nmol/L,paper_lim_2023,Figure 3B,72-hour incubation
Afatinib,Parental Ba/F3 + IL3 (5 ng/mL),Cell growth inhibition assay (Ba/F3),,IC50,=,3298.0,nmol/L,paper_lim_2023,Figure 3B,72-hour incubation
Dacomitinib,Parental Ba/F3 + IL3 (5 ng/mL),Cell growth inhibition assay (Ba/F3),,IC50,=,2601.0,nmol/L,paper_lim_2023,Figure 3B,72-hour incubation
Osimertinib,Parental Ba/F3 + IL3 (5 ng/mL),Cell growth inhibition assay (Ba/F3),,IC50,=,2842.0,nmol/L,paper_lim_2023,Figure 3B,72-hour incubation
BBT-176,Parental Ba/F3 + IL3 (5 ng/mL),Cell growth inhibition assay (Ba/F3),,IC50,=,1090.0,nmol/L,paper_lim_2023,Figure 3B,72-hour incubation
Erlotinib,EGFR WT + EGF (10 ng/mL),Cell growth inhibition assay (Ba/F3),,IC50,=,52.0,nmol/L,paper_lim_2023,Figure 3B,72-hour incubation
Afatinib,EGFR WT + EGF (10 ng/mL),Cell growth inhibition assay (Ba/F3),,IC50,=,17.0,nmol/L,paper_lim_2023,Figure 3B,72-hour incubation
Dacomitinib,EGFR WT + EGF (10 ng/mL),Cell growth inhibition assay (Ba/F3),,IC50,=,34.0,nmol/L,paper_lim_2023,Figure 3B,72-hour incubation
Osimertinib,EGFR WT + EGF (10 ng/mL),Cell growth inhibition assay (Ba/F3),,IC50,=,221.0,nmol/L,paper_lim_2023,Figure 3B,72-hour incubation
BBT-176,EGFR WT + EGF (10 ng/mL),Cell growth inhibition assay (Ba/F3),,IC50,=,314.0,nmol/L,paper_lim_2023,Figure 3B,72-hour incubation
Erlotinib,19Del/C797S,Cell growth inhibition assay (Ba/F3),,IC50,=,2.0,nmol/L,paper_lim_2023,Figure 3B,72-hour incubation
Afatinib,19Del/C797S,Cell growth inhibition assay (Ba/F3),,IC50,=,2.2,nmol/L,paper_lim_2023,Figure 3B,72-hour incubation
Dacomitinib,19Del/C797S,Cell growth inhibition assay (Ba/F3),,IC50,=,2.3,nmol/L,paper_lim_2023,Figure 3B,72-hour incubation
Osimertinib,19Del/C797S,Cell growth inhibition assay (Ba/F3),,IC50,=,869.0,nmol/L,paper_lim_2023,Figure 3B,72-hour incubation
BBT-176,19Del/C797S,Cell growth inhibition assay (Ba/F3),,IC50,=,42.0,nmol/L,paper_lim_2023,Figure 3B,72-hour incubation
Erlotinib,19Del/T790M/C797S,Cell growth inhibition assay (Ba/F3),,IC50,=,3643.0,nmol/L,paper_lim_2023,Figure 3B,72-hour incubation
Afatinib,19Del/T790M/C797S,Cell growth inhibition assay (Ba/F3),,IC50,=,1300.0,nmol/L,paper_lim_2023,Figure 3B,72-hour incubation
Dacomitinib,19Del/T790M/C797S,Cell growth inhibition assay (Ba/F3),,IC50,=,1244.0,nmol/L,paper_lim_2023,Figure 3B,72-hour incubation
Osimertinib,19Del/T790M/C797S,Cell growth inhibition assay (Ba/F3),,IC50,=,1134.0,nmol/L,paper_lim_2023,Figure 3B,72-hour incubation
BBT-176,19Del/T790M/C797S,Cell growth inhibition assay (Ba/F3),,IC50,=,49.0,nmol/L,paper_lim_2023,Figure 3B,72-hour incubation
Erlotinib,L858R/C797S,Cell growth inhibition assay (Ba/F3),,IC50,=,15.0,nmol/L,paper_lim_2023,Figure 3B,72-hour incubation
Afatinib,L858R/C797S,Cell growth inhibition assay (Ba/F3),,IC50,=,20.0,nmol/L,paper_lim_2023,Figure 3B,72-hour incubation
Dacomitinib,L858R/C797S,Cell growth inhibition assay (Ba/F3),,IC50,=,27.0,nmol/L,paper_lim_2023,Figure 3B,72-hour incubation
Osimertinib,L858R/C797S,Cell growth inhibition assay (Ba/F3),,IC50,=,2799.0,nmol/L,paper_lim_2023,Figure 3B,72-hour incubation
BBT-176,L858R/C797S,Cell growth inhibition assay (Ba/F3),,IC50,=,183.0,nmol/L,paper_lim_2023,Figure 3B,72-hour incubation
Erlotinib,L858R/T790M/C797S,Cell growth inhibition assay (Ba/F3),,IC50,>,10000.0,nmol/L,paper_lim_2023,Figure 3B,72-hour incubation
Afatinib,L858R/T790M/C797S,Cell growth inhibition assay (Ba/F3),,IC50,=,2987.0,nmol/L,paper_lim_2023,Figure 3B,72-hour incubation
Dacomitinib,L858R/T790M/C797S,Cell growth inhibition assay (Ba/F3),,IC50,=,1295.0,nmol/L,paper_lim_2023,Figure 3B,72-hour incubation
Osimertinib,L858R/T790M/C797S,Cell growth inhibition assay (Ba/F3),,IC50,=,2685.0,nmol/L,paper_lim_2023,Figure 3B,72-hour incubation
BBT-176,L858R/T790M/C797S,Cell growth inhibition assay (Ba/F3),,IC50,=,202.0,nmol/L,paper_lim_2023,Figure 3B,72-hour incubation
BBT-176,19Del,Cell growth inhibition assay (Ba/F3),,IC50,=,19.0,nmol/L,paper_lim_2023,Figure 4A,72-hour incubation
BBT-176,19Del/C797S,Cell growth inhibition assay (Ba/F3),,IC50,=,46.9,nmol/L,paper_lim_2023,Figure 4A,72-hour incubation
BBT-176,19Del/T790M/C797S,Cell growth inhibition assay (Ba/F3),,IC50,=,45.9,nmol/L,paper_lim_2023,Figure 4A,72-hour incubation
Osimertinib,19Del,Cell growth inhibition assay (Ba/F3),,IC50,=,1.2,nmol/L,paper_lim_2023,Figure  4C,72-hour incubation
BBT-176,19Del,Cell growth inhibition assay (Ba/F3),,IC50,=,18.0,nmol/L,paper_lim_2023,Figure  4C,72-hour incubation
Osimertinib,19Del BR1,Cell growth inhibition assay (Ba/F3),,IC50,=,1.7,nmol/L,paper_lim_2023,Figure  4C,72-hour incubation
BBT-176,19Del BR1,Cell growth inhibition assay (Ba/F3),,IC50,=,39.0,nmol/L,paper_lim_2023,Figure  4C,72-hour incubation
Osimertinib,19Del BR2,Cell growth inhibition assay (Ba/F3),,IC50,=,19.0,nmol/L,paper_lim_2023,Figure  4C,72-hour incubation
BBT-176,19Del BR2,Cell growth inhibition assay (Ba/F3),,IC50,=,31.0,nmol/L,paper_lim_2023,Figure  4C,72-hour incubation
Osimertinib,19Del/C797S,Cell growth inhibition assay (Ba/F3),,IC50,=,869.0,nmol/L,paper_lim_2023,Figure  4C,72-hour incubation
BBT-176,19Del/C797S,Cell growth inhibition assay (Ba/F3),,IC50,=,42.0,nmol/L,paper_lim_2023,Figure  4C,72-hour incubation
Osimertinib,19Del/C797S BR1,Cell growth inhibition assay (Ba/F3),,IC50,>,1000.0,nmol/L,paper_lim_2023,Figure  4C,72-hour incubation
BBT-176,19Del/C797S BR1,Cell growth inhibition assay (Ba/F3),,IC50,=,113.0,nmol/L,paper_lim_2023,Figure  4C,72-hour incubation
Osimertinib,19Del/C797S BR2,Cell growth inhibition assay (Ba/F3),,IC50,>,1000.0,nmol/L,paper_lim_2023,Figure  4C,72-hour incubation
BBT-176,19Del/C797S BR2,Cell growth inhibition assay (Ba/F3),,IC50,=,109.0,nmol/L,paper_lim_2023,Figure  4C,72-hour incubation
Osimertinib,19Del/T790M/C797S,Cell growth inhibition assay (Ba/F3),,IC50,=,1134.0,nmol/L,paper_lim_2023,Figure  4C,72-hour incubation
BBT-176,19Del/T790M/C797S,Cell growth inhibition assay (Ba/F3),,IC50,=,49.0,nmol/L,paper_lim_2023,Figure  4C,72-hour incubation
Osimertinib,19Del/T790M/C797S BR1,Cell growth inhibition assay (Ba/F3),,IC50,>,1000.0,nmol/L,paper_lim_2023,Figure  4C,72-hour incubation
BBT-176,19Del/T790M/C797S BR1,Cell growth inhibition assay (Ba/F3),,IC50,=,242.0,nmol/L,paper_lim_2023,Figure  4C,72-hour incubation
Osimertinib,19Del/T790M/C797S BR2,Cell growth inhibition assay (Ba/F3),,IC50,>,1000.0,nmol/L,paper_lim_2023,Figure  4C,72-hour incubation
BBT-176,19Del/T790M/C797S BR2,Cell growth inhibition assay (Ba/F3),,IC50,=,240.0,nmol/L,paper_lim_2023,Figure  4C,72-hour incubation
